<<<<<<< HEAD
INSERT INTO pessoa(nome, cpf) VALUES ('Kiko','123.132.121-31');
INSERT INTO pessoa(nome, cpf) VALUES ('Chaves','123.132.121-31');
INSERT INTO pessoa(nome, cpf) VALUES ('Chiquinha', '123.132.121-31');
INSERT INTO pessoa(nome, cpf) VALUES ('Madruga', '123.132.121-31');
INSERT INTO pessoa(nome, cpf) VALUES ('Florinda', '123.132.121-31');
=======
INSERT INTO Banda(id,nome,localdeorigem) VALUES (01, 'Guns N Roses', 'Los Angeles');
INSERT INTO Banda(id,nome,localDeOrigem) VALUES (02, 'U2', 'Irlanda');
INSERT INTO Banda(id,nome,localDeOrigem) VALUES (03,'Michael Jackson', 'Estados Unidos');
INSERT INTO Banda(id,nome,localDeOrigem) VALUES (04, 'BTS', 'Coreia do Sul');
INSERT INTO Banda(id,nome,localDeOrigem) VALUES (05, 'Paula Fernandes', 'Brasil');
INSERT INTO Banda(id,nome,localDeOrigem) VALUES (06, 'Jorge e Mateus', 'Brasil');

INSERT INTO Integrantes(nome,banda) VALUES ('Axl Rose',01);
INSERT INTO Integrantes(nome,banda) VALUES ('Slash',01);
INSERT INTO Integrantes(nome,banda) VALUES ('Bono',02);
INSERT INTO Integrantes(nome,banda) VALUES ('Adam Clayton',02);
INSERT INTO Integrantes(nome,banda) VALUES ('Michael Jackson', 03);
INSERT INTO Integrantes(nome,banda) VALUES ('Jin', 04);
INSERT INTO Integrantes(nome,banda) VALUES ('Jimin', 04);
INSERT INTO Integrantes(nome,banda) VALUES ('Paula Fernandes', 05);
INSERT INTO Integrantes(nome,banda) VALUES ('Jorge', 06);
INSERT INTO Integrantes(nome,banda) VALUES ('Mateus', 06);

INSERT INTO Estilo(nome) VALUES ('Rock');
INSERT INTO Estilo(nome) VALUES ('Pop');
INSERT INTO Estilo(nome) VALUES ('Sertanejo');
>>>>>>> f316764c53c317fa80b75dccce651963c7556164
